Tag,Gallery,24,<< conteggio tag in gallery,Note
abitudini,,,,
accessibilità,,,,eliminare?
acqua,,,,
agroalimentare,,,,
ambiente,x,,,
anziani,,,,"sostituire con ""generazioni""?"
architettura,,,,
arte,,,,unire sotto cultura?
automobili,,,,
banca,,,,
basket,,,,unire sotto sport?
big data,x,,,
bio,x,,,
bioeconomia,,,,unire sotto bio?
biologico,,,,unire sotto bio?
biotecnologie,,,,unire sotto bio?
calcio,,,,unire sotto sport?
cibo,x,,,
città,,,,
cittadini,,,,
clima,x,,,
coesione,,,,
come ci vedono,,,,
computer,,,,
consumi,,,,
corruzione,,,,
crescita,,,,
cultura,x,,,
design,,,,
digitale,x,,,
disabilità,,,,
discriminazione,,,,
donne,x,,,"sostituire con ""femminile""?"
eccellenze italiane,,,,troppo lunga per la gallery
economia,,,,
equità,,,,
estero,,,,
etica,,,,
Europa,x,,,
famiglia,x,,,
figli,,,,unire sotto famiglia?
fisica,,,,
flessibilità,,,,
formazione,,,,unire sotto scuola?
genere,,,,
genetica,,,,
genitori,,,,
giornalismo,,,,
giovani,x,,,"sostituire con ""generazioni""?"
globalizzazione,x,,,
governo,,,,unire sotto istituzioni?
identità,,,,
immersivo,,,,
immigrazione,,,,
industria,,,,
informazione,,,,
innovazione,x,,,
integrazione,,,,
intelligente,x,,,
intelligenza artificiale,,,,
internet,,,,
invenzioni,,,,unire sotto innovazione?
istituzioni,,,,
Italia,,,,
lavoro,,,,
legalità,,,,
malattie,,,,
materiali,,,,
medicina,,,,
mediterraneo,,,,
memoria,,,,
meritocrazia,x,,,
meteo,,,,
minacce,,,,
moda,,,,
modelli,,,,eliminare?
montagna,,,,unire sotto territorio?
multidisciplinarietà,,,,
musei,,,,
network,,,,
nuoto,,,,unire sotto sport?
oggetti del futuro,,,,troppo lunga per la gallery
OGM,,,,
opportunità,,,,
ottimismo,x,,,"sostituire con ""positivo""?"
paesaggio,,,,unire sotto territorio?
parità,,,,
passato,,,,
patrimonio,x,,,
paura,,,,
personalizzato,x,,,
plastica,,,,
politica,,,,
potere,,,,
povertà,,,,
professioni del futuro,,,,troppo lunga per la gallery
progresso,,,,
pubblica amministrazione,,,,troppo lunga per la gallery
pubblico e privato,,,,
qualità della vita,,,,
relazioni,,,,
ricchezza,,,,
ricerca,,,,
rifiuti,,,,
rinnovo,,,,unire sotto opportunità?
risorse,,,,
robot,,,,
salute,,,,
scienza,,,,
scuola,x,,,
social network,,,,
società,,,,
soldi,,,,
solidarietà,,,,
soluzioni,,,,
sostenibile,,,,unire sotto ambiente?
sport,x,,,
sprechi,,,,
Sud,,,,
sviluppo,,,,
tasse,,,,
tecnologia,,,,
territorio,x,,,
trasparenza,,,,
turismo,x,,,
urbanistica,,,,unire sotto città?
vaccini,x,,,
valori,,,,
visionario,x,,,
web,,,,unire sotto digitale?
welfare,,,,